{
  "camera_matrix_left": [
    [
      1198.6993519247128,
      0.0,
      597.6527124309832
    ],
    [
      0.0,
      1201.1582191215189,
      308.44918299146525
    ],
    [
      0.0,
      0.0,
      1.0
    ]
  ],
  "camera_matrix_right": [
    [
      1154.1271574193272,
      0.0,
      737.1590642792714
    ],
    [
      0.0,
      1156.8310326296364,
      323.68555511888934
    ],
    [
      0.0,
      0.0,
      1.0
    ]
  ],
  "dist_coeffs_left": [
    [
      0.17940302481494663,
      1.384480284021723,
      -0.006010679748466965,
      0.0076881741545193885,
      -6.815606664868483
    ]
  ],
  "dist_coeffs_right": [
    [
      0.2303220649574671,
      -0.016565129875947764,
      0.0026932315780134977,
      -0.001388206582350838,
      -0.6199870110553117
    ]
  ],
  "R": [
    [
      0.999958928770248,
      -0.0007499585810699001,
      0.00903207256308982
    ],
    [
      0.0008956868816079868,
      0.9998693193261107,
      -0.01614131392886683
    ],
    [
      -0.009018786928869961,
      0.01614874089416245,
      0.9998289251916374
    ]
  ],
  "T": [
    [
      -47.2279603936366
    ],
    [
      2.341914253606893
    ],
    [
      -39.535752085919405
    ]
  ],
  "R1": [
    [
      0.7603849554852563,
      -0.028206965731288208,
      0.6488598358319912
    ],
    [
      0.03349127551668292,
      0.9994301886452777,
      0.00419910570599768
    ],
    [
      -0.6486085521606622,
      0.01853820672822595,
      0.760896366764457
    ]
  ],
  "R2": [
    [
      0.766235428716555,
      -0.03799566310239542,
      0.6414355753814769
    ],
    [
      0.03277829537009327,
      0.9992618010474278,
      0.02003587582516982
    ],
    [
      -0.6417233446994024,
      0.005672966848129134,
      0.7669152275936056
    ]
  ],
  "P1": [
    [
      5579.239339482955,
      0.0,
      -885.4521408081055,
      0.0
    ],
    [
      0.0,
      5579.239339482955,
      262.9217185974121,
      0.0
    ],
    [
      0.0,
      0.0,
      1.0,
      0.0
    ]
  ],
  "P2": [
    [
      5579.239339482955,
      0.0,
      -885.4521408081055,
      -343883.9874489703
    ],
    [
      0.0,
      5579.239339482955,
      262.9217185974121,
      0.0
    ],
    [
      0.0,
      0.0,
      1.0,
      0.0
    ]
  ],
  "Q": [
    [
      1.0,
      0.0,
      0.0,
      885.4521408081055
    ],
    [
      0.0,
      1.0,
      0.0,
      -262.9217185974121
    ],
    [
      0.0,
      0.0,
      0.0,
      5579.239339482955
    ],
    [
      0.0,
      0.0,
      0.01622419055004959,
      -0.0
    ]
  ],
  "image_size": [
    1280,
    720
  ],
  "reprojection_error": 0.7078540413325989,
  "rectify_alpha": 0.0,
  "baseline_mm": 52.0,
  "measured_baseline_mm": 61.63635695199251,
  "pattern_size": [
    9,
    6
  ],
  "square_size_mm": 28.0,
  "camera_model": "AR0144",
  "interface": "USB"
}